{"name": "13_left.jpeg", "type": "001", "params": {"illumination": {"color": {"brightness_factor": 0.9194130633474265, "contrast_factor": 1.3509962741769341, "saturation_factor": 0.6870197834258913}, "halo": {"num": 2, "center_a": [211, 270], "dia_a": 468.5377107100681, "center_b": [211, 270], "dia_b": 858.8418946048521}, "hole": {"center": [142, 236], "diameter_circle": 328, "brightness_factor": -0.2843285059550363, "rad_w": 213, "rad_h": 241, "sigma": 192.0}}}}