{"name": "13_left.jpeg", "type": "101", "params": {"illumination": {"color": {"brightness_factor": 0.8945731792237156, "contrast_factor": 0.7181003894663103, "saturation_factor": 0.7168143161566003}, "halo": {"num": 2, "center_a": [238, 281], "dia_a": 505.7333315681715, "center_b": [238, 281], "dia_b": 992.0867078554097}, "hole": {"center": [159, 308], "diameter_circle": 343, "brightness_factor": -0.2810018726233988, "rad_w": 251, "rad_h": 241, "sigma": 200.79999999999998}}, "blur": {"sigma": 7.639263692832755, "rad_w": 3, "rad_h": 3}}}