{"name": "13_right.jpeg", "type": "001", "params": {"illumination": {"color": {"brightness_factor": 0.7074364715173458, "contrast_factor": 1.010557831196962, "saturation_factor": 1.3002386559195789}, "halo": {"num": 2, "center_a": [226, 259], "dia_a": 420.62339725589425, "center_b": [226, 259], "dia_b": 830.5934777511019}, "hole": {"center": [144, 269], "diameter_circle": 296, "brightness_factor": -0.2774143151030765, "rad_w": 217, "rad_h": 191, "sigma": 173.6}}}}