{"name": "13_right.jpeg", "type": "101", "params": {"illumination": {"color": {"brightness_factor": 1.0630287325240335, "contrast_factor": 1.3334719154114847, "saturation_factor": 0.6092690693414148}, "halo": {"num": 1, "center_a": [305, 218], "dia_a": 493.72871941444544, "center_b": [305, 218], "dia_b": 1015.8491049984937}, "hole": {"center": [334, 219], "diameter_circle": 302, "brightness_factor": -0.2861486526078547, "rad_w": 211, "rad_h": 207, "sigma": 168.0}}, "blur": {"sigma": 14.905428901398327, "rad_w": 7, "rad_h": 7}}}