{"name": "15_right.jpeg", "type": "001", "params": {"illumination": {"color": {"brightness_factor": 0.7080375786433825, "contrast_factor": 0.66949140182201, "saturation_factor": 0.6146573574050006}, "halo": {"num": 2, "center_a": [209, 213], "dia_a": 501.16398470603224, "center_b": [209, 213], "dia_b": 901.8570985829045}, "hole": {"center": [261, 295], "diameter_circle": 354, "brightness_factor": -0.28439210980143176, "rad_w": 237, "rad_h": 195, "sigma": 189.6}}}}