{"name": "15_right.jpeg", "type": "101", "params": {"illumination": {"color": {"brightness_factor": 1.0551120382556052, "contrast_factor": 0.6395047674756817, "saturation_factor": 1.1068418950766195}, "halo": {"num": 2, "center_a": [283, 283], "dia_a": 435.40771390692015, "center_b": [283, 283], "dia_b": 798.5251230290442}, "hole": {"center": [285, 211], "diameter_circle": 299, "brightness_factor": -0.29827197727702975, "rad_w": 165, "rad_h": 195, "sigma": 155.19999999999996}}, "blur": {"sigma": 9.4646107231669, "rad_w": 3, "rad_h": 3}}}