{"name": "17_left.jpeg", "type": "101", "params": {"illumination": {"color": {"brightness_factor": 0.9793920508742167, "contrast_factor": 0.9766921098967833, "saturation_factor": 1.2074593510982186}, "halo": {"num": 1, "center_a": [256, 250], "dia_a": 424.69506183419605, "center_b": [256, 250], "dia_b": 857.5860445135022}, "hole": {"center": [241, 314], "diameter_circle": 257, "brightness_factor": -0.28696986393529816, "rad_w": 181, "rad_h": 149, "sigma": 144.0}}, "blur": {"sigma": 14.758786384666843, "rad_w": 7, "rad_h": 5}}}