{"name": "17_left.jpeg", "type": "001", "params": {"illumination": {"color": {"brightness_factor": 1.1506717831473012, "contrast_factor": 0.9293055278758501, "saturation_factor": 1.2365383800385747}, "halo": {"num": 1, "center_a": [210, 304], "dia_a": 398.5711554793802, "center_b": [210, 304], "dia_b": 1085.82465863184}, "hole": {"center": [240, 194], "diameter_circle": 296, "brightness_factor": -0.28850789237923224, "rad_w": 205, "rad_h": 217, "sigma": 172.79999999999998}}}}