{"name": "17_right.jpeg", "type": "101", "params": {"illumination": {"color": {"brightness_factor": 1.136159518566318, "contrast_factor": 0.994458857516933, "saturation_factor": 1.3355524691289968}, "halo": {"num": 1, "center_a": [270, 222], "dia_a": 418.1529730958995, "center_b": [270, 222], "dia_b": 885.3909714372264}, "hole": {"center": [221, 272], "diameter_circle": 338, "brightness_factor": -0.29227636917074223, "rad_w": 209, "rad_h": 195, "sigma": 167.19999999999996}}, "blur": {"sigma": 8.757472242611502, "rad_w": 5, "rad_h": 3}}}