{"name": "17_right.jpeg", "type": "001", "params": {"illumination": {"color": {"brightness_factor": 1.0115365063132415, "contrast_factor": 0.7660608427463055, "saturation_factor": 1.3314974395714656}, "halo": {"num": 1, "center_a": [282, 238], "dia_a": 393.06965758638955, "center_b": [282, 238], "dia_b": 999.212465576247}, "hole": {"center": [322, 290], "diameter_circle": 331, "brightness_factor": -0.2955448121589737, "rad_w": 241, "rad_h": 207, "sigma": 192.0}}}}